1,0
1,1
0,1
0,0
1,0.02
1,0.04
1,0.06
1,0.08
1,0.1
1,0.12
1,0.14
1,0.16
1,0.18
1,0.2
1,0.22
1,0.24
1,0.26
1,0.28
1,0.3
1,0.32
1,0.34
1,0.36
1,0.38
1,0.4
1,0.42
1,0.44
1,0.46
1,0.48
1,0.5
1,0.52
1,0.54
1,0.56
1,0.58
1,0.6
1,0.62
1,0.64
1,0.66
1,0.68
1,0.7
1,0.72
1,0.74
1,0.76
1,0.78
1,0.8
1,0.82
1,0.84
1,0.86
1,0.88
1,0.9
1,0.92
1,0.94
1,0.96
1,0.98
0.98,1
0.96,1
0.94,1
0.92,1
0.9,1
0.88,1
0.86,1
0.84,1
0.82,1
0.8,1
0.78,1
0.76,1
0.74,1
0.72,1
0.7,1
0.68,1
0.66,1
0.64,1
0.62,1
0.6,1
0.58,1
0.56,1
0.54,1
0.52,1
0.5,1
0.48,1
0.46,1
0.44,1
0.42,1
0.4,1
0.38,1
0.36,1
0.34,1
0.32,1
0.3,1
0.28,1
0.26,1
0.24,1
0.22,1
0.2,1
0.18,1
0.16,1
0.14,1
0.12,1
0.1,1
0.08,1
0.06,1
0.04,1
0.02,1
0,0.98
0,0.96
0,0.94
0,0.92
0,0.9
0,0.88
0,0.86
0,0.84
0,0.82
0,0.8
0,0.78
0,0.76
0,0.74
0,0.72
0,0.7
0,0.68
0,0.66
0,0.64
0,0.62
0,0.6
0,0.58
0,0.56
0,0.54
0,0.52
0,0.5
0,0.48
0,0.46
0,0.44
0,0.42
0,0.4
0,0.38
0,0.36
0,0.34
0,0.32
0,0.3
0,0.28
0,0.26
0,0.24
0,0.22
0,0.2
0,0.18
0,0.16
0,0.14
0,0.12
0,0.1
0,0.08
0,0.06
0,0.04
0,0.02
0.02,0
0.04,0
0.06,0
0.08,0
0.1,0
0.12,0
0.14,0
0.16,0
0.18,0
0.2,0
0.22,0
0.24,0
0.26,0
0.28,0
0.3,0
0.32,0
0.34,0
0.36,0
0.38,0
0.4,0
0.42,0
0.44,0
0.46,0
0.48,0
0.5,0
0.52,0
0.54,0
0.56,0
0.58,0
0.6,0
0.62,0
0.64,0
0.66,0
0.68,0
0.7,0
0.72,0
0.74,0
0.76,0
0.78,0
0.8,0
0.82,0
0.84,0
0.86,0
0.88,0
0.9,0
0.92,0
0.94,0
0.96,0
0.98,0
0.4987,0.4992
0.70714,0.70714
0.29404,0.70721
0.70601,0.2928
0.29279,0.29404
0.5,0.78031
0.21969,0.5
0.78031,0.5
0.5,0.21969
0.83003,0.82811
0.17189,0.83003
0.82811,0.16997
0.16997,0.17189
0.56942,0.64046
0.36023,0.56799
0.64214,0.433
0.43675,0.36149
0.64017,0.84789
0.15211,0.64017
0.84789,0.35983
0.35983,0.15211
0.84791,0.63884
0.36038,0.84579
0.63962,0.15421
0.15421,0.36038
0.44304,0.66587
0.68004,0.58084
0.33449,0.44106
0.55669,0.33508
0.53493,0.88744
0.11256,0.53493
0.88744,0.46507
0.46507,0.11256
0.73794,0.89011
0.10989,0.73794
0.89011,0.26206
0.26206,0.10989
0.89089,0.73899
0.73899,0.10911
0.26101,0.89089
0.10911,0.26101
0.60255,0.74324
0.25676,0.60255
0.7444,0.39893
0.39745,0.25676
0.59754,0.52666
0.90055,0.098635
0.098635,0.099451
0.90136,0.90055
0.099451,0.90136
0.38239,0.74841
0.61761,0.25159
0.25159,0.38239
0.43901,0.90285
0.90285,0.56099
0.097148,0.43901
0.56099,0.097148
0.73952,0.79616
0.20384,0.73952
0.79616,0.26048
0.26048,0.20384
0.79985,0.72164
0.27822,0.79983
0.72178,0.20017
0.20017,0.27822
0.49012,0.59017
0.40948,0.49273
0.55097,0.42453
0.755,0.63116
0.35557,0.65291
0.69413,0.4953
0.64137,0.34601
0.351,0.35776
0.81524,0.91404
0.085963,0.81524
0.91404,0.18476
0.18476,0.085963
0.81811,0.083228
0.91677,0.81811
0.083228,0.18189
0.18189,0.91677
0.51206,0.70055
0.64637,0.65419
0.29945,0.51206
0.48597,0.29907
0.60851,0.91999
0.08001,0.60851
0.91999,0.39149
0.39149,0.08001
0.92018,0.66557
0.66557,0.079819
0.33443,0.92018
0.079819,0.33443
0.43542,0.82489
0.82474,0.56433
0.17511,0.43542
0.56458,0.17511
0.46102,0.43254
0.56459,0.81588
0.18412,0.56459
0.81534,0.43382
0.43522,0.18387
0.668,0.77755
0.21983,0.66892
0.78017,0.33108
0.33108,0.21983
0.67677,0.92869
0.071306,0.67677
0.92869,0.32323
0.32323,0.071306
0.74824,0.56206
0.42742,0.55556
0.49937,0.37685
0.45239,0.73315
0.26685,0.45239
0.54946,0.26641
0.61343,0.58978
0.39598,0.41586
0.55155,0.5707
0.49358,0.93631
0.063692,0.49358
0.93631,0.50642
0.50642,0.063692
0.40517,0.61504
0.4971,0.83942
0.16058,0.4971
0.84087,0.50212
0.5029,0.16058
0.70066,0.84331
0.15669,0.70066
0.84331,0.29934
0.29934,0.15669
0.83756,0.77036
0.22964,0.83756
0.77036,0.16244
0.16244,0.22964
0.32444,0.75887
0.67556,0.24113
0.24113,0.32444
0.93866,0.60941
0.60941,0.06134
0.39059,0.93866
0.06134,0.39059
0.29743,0.64704
0.70535,0.35261
0.35296,0.29743
0.59891,0.3904
0.69743,0.43936
0.55604,0.48486
0.94117,0.058832
0.058832,0.058832
0.94117,0.94117
0.058832,0.94117
0.55459,0.94208
0.057922,0.55459
0.94208,0.44541
0.44541,0.057922
0.76584,0.93958
0.06042,0.76584
0.93958,0.23416
0.23416,0.06042
0.94227,0.76597
0.76597,0.05773
0.23403,0.94227
0.05773,0.23403
0.77391,0.8452
0.1548,0.77391
0.8452,0.22609
0.22609,0.1548
0.85345,0.69827
0.30283,0.85271
0.69717,0.14729
0.14729,0.30283
0.64868,0.71102
0.51012,0.64407
0.35593,0.51012
0.57107,0.69706
0.30199,0.57025
0.70285,0.65072
0.431,0.30298
0.54748,0.74836
0.25164,0.54748
0.45252,0.25164
0.86394,0.94547
0.054534,0.86394
0.94547,0.13606
0.13606,0.054534
0.8669,0.054762
0.94524,0.8669
0.054762,0.1331
0.1331,0.94524
0.65278,0.53354
0.39303,0.69293
0.30605,0.39348
0.60713,0.30711
0.75392,0.45138
0.58605,0.86964
0.13036,0.58605
0.86919,0.41301
0.41395,0.13036
0.74975,0.74301
0.2567,0.75002
0.7433,0.24998
0.24998,0.2567
0.75689,0.68601
0.61698,0.79529
0.20471,0.61698
0.79682,0.38652
0.38302,0.20471
0.94792,0.71073
0.71073,0.052076
0.28927,0.94792
0.052076,0.28927
0.8532,0.87367
0.12633,0.8532
0.87367,0.1468
0.1468,0.12633
0.3877,0.79989
0.6123,0.20011
0.20011,0.3877
0.63133,0.48689
0.79084,0.79178
0.20822,0.79084
0.79178,0.20916
0.20916,0.20822
0.34481,0.71094
0.65519,0.28906
0.28906,0.34481
0.88855,0.61037
0.38963,0.88855
0.61037,0.11145
0.11145,0.38963
0.80316,0.61095
0.67202,0.38869
0.80527,0.66883
0.50754,0.45066
0.59463,0.4494
0.32888,0.8061
0.67112,0.1939
0.1939,0.32888
0.4764,0.54586
0.95135,0.55318
0.55318,0.048649
0.44682,0.95135
0.048649,0.44682
0.32977,0.60859
0.39121,0.33406
0.8701,0.80417
0.19583,0.8701
0.80417,0.1299
0.1299,0.19583
0.48288,0.89072
0.10928,0.48288
0.89072,0.51712
0.51712,0.10928
0.43075,0.77517
0.22483,0.43075
0.56925,0.22483
0.67101,0.88233
0.11767,0.67101
0.88233,0.32899
0.32899,0.11767
0.45835,0.48183
0.45527,0.618
0.71836,0.9546
0.045398,0.71836
0.9546,0.28164
0.28164,0.045398
0.53724,0.526
0.37373,0.45849
0.70626,0.54262
0.63952,0.95462
0.04538,0.63952
0.95462,0.36048
0.36048,0.04538
0.54716,0.37829
0.72287,0.60007
0.80515,0.8743
0.1257,0.80515
0.8743,0.19485
0.19485,0.1257
0.7026,0.75475
0.24731,0.70474
0.75269,0.29526
0.29526,0.24731
0.6127,0.68597
0.85491,0.10659
0.89341,0.85491
0.10659,0.14509
0.14509,0.89341
0.35385,0.40159
0.73955,0.5107
0.39289,0.52988
0.4705,0.33932
0.51682,0.32929
0.78807,0.54245
0.42188,0.45003
0.53865,0.6091
0.49143,0.73792
0.46943,0.6935
0.26208,0.49143
0.3065,0.46943
0.50774,0.26191
0.60922,0.63219
0.65095,0.61171
0.80581,0.95768
0.04232,0.80581
0.95768,0.19419
0.19419,0.04232
0.95661,0.80662
0.80662,0.043389
0.19338,0.95661
0.043389,0.19338
0.46245,0.39025
0.95722,0.64811
0.64811,0.042782
0.35189,0.95722
0.042782,0.35189
0.60147,0.34664
0.57717,0.77317
0.22354,0.57682
0.42254,0.22567
0.53642,0.84547
0.15453,0.53642
0.84547,0.46358
0.46358,0.15453
0.879,0.66504
0.66504,0.121
0.33496,0.879
0.121,0.33496
0.45311,0.86602
0.13398,0.45311
0.86535,0.54475
0.54689,0.13398
0.59304,0.9588
0.041198,0.59304
0.9588,0.40696
0.40696,0.041198
0.38287,0.379
0.40185,0.84895
0.85028,0.59949
0.15105,0.40185
0.59815,0.15105
0.25684,0.64377
0.74532,0.35413
0.35623,0.25684
0.44068,0.5185
0.7785,0.90291
0.097089,0.7785
0.90291,0.2215
0.2215,0.097089
0.90292,0.77849
0.77849,0.097084
0.22151,0.90292
0.097084,0.22151
0.66719,0.463
0.63268,0.88664
0.11336,0.63268
0.88633,0.36699
0.36732,0.11336
0.95771,0.096658
0.096658,0.042286
0.90334,0.95771
0.9046,0.040603
0.042286,0.90334
0.96063,0.90516
0.040603,0.095402
0.095402,0.9594
0.77616,0.41916
0.66991,0.81698
0.18308,0.66861
0.81692,0.33139
0.33139,0.18308
0.89955,0.69966
0.69966,0.10045
0.30034,0.89955
0.10045,0.30034
0.67628,0.67973
0.32627,0.67325
0.67469,0.32411
0.32675,0.32627
0.51505,0.55766
0.53897,0.7896
0.2104,0.53897
0.46103,0.2104
0.54056,0.6717
0.33032,0.53855
0.4026,0.65812
0.57034,0.90605
0.093945,0.57034
0.90605,0.42966
0.42966,0.093945
0.47406,0.80752
0.19248,0.47406
0.52594,0.19248
0.49333,0.41255
0.80646,0.47028
0.57412,0.60237
0.63954,0.74767
0.2951,0.60834
0.39254,0.29495
0.60329,0.8325
0.1675,0.60329
0.83315,0.39677
0.39671,0.1675
0.35693,0.7773
0.64307,0.2227
0.2227,0.35693
0.77125,0.59748
0.39454,0.57944
0.70114,0.79574
0.20293,0.69942
0.79707,0.30058
0.30058,0.20293
0.52245,0.96101
0.038994,0.52245
0.96101,0.47755
0.47755,0.038994
0.5894,0.56158
0.59248,0.48648
0.52645,0.29422
0.70748,0.40284
0.78376,0.75184
0.24786,0.78388
0.75214,0.21612
0.21612,0.24786
0.83494,0.73047
0.26941,0.8348
0.73059,0.1652
0.1652,0.26941
0.42857,0.69983
0.29811,0.43184
0.57222,0.29738
0.64552,0.57013
0.71878,0.46976
0.73659,0.8536
0.1464,0.73659
0.8536,0.26341
0.26341,0.1464
0.3716,0.60403
0.70286,0.89904
0.10096,0.70286
0.89904,0.29714
0.29714,0.10096
0.46614,0.76922
0.23078,0.46614
0.53394,0.23101
0.27519,0.67748
0.72481,0.32252
0.32252,0.27519
0.6872,0.61488
0.48003,0.66078
0.33962,0.47665
0.45663,0.58392
0.4322,0.41191
0.68579,0.96452
0.035481,0.68579
0.96452,0.31421
0.31421,0.035481
0.63302,0.39781
0.96525,0.67906
0.67906,0.03475
0.32094,0.96525
0.03475,0.32094
0.64495,0.91852
0.08148,0.64495
0.91852,0.35505
0.35505,0.08148
0.29336,0.74438
0.70664,0.25562
0.25562,0.29336
0.85327,0.91157
0.088426,0.85327
0.91157,0.14673
0.14673,0.088426
0.52742,0.92277
0.077233,0.52742
0.92277,0.47258
0.47258,0.077233
0.67356,0.73777
0.41736,0.73382
0.26646,0.41727
0.58264,0.26618
0.96676,0.032972
0.032972,0.033244
0.96676,0.96703
0.032972,0.96676
0.85988,0.83771
0.16229,0.85988
0.83771,0.14012
0.14012,0.16229
0.96595,0.58405
0.58405,0.034047
0.41595,0.96595
0.034047,0.41595
0.51219,0.81298
0.18702,0.51219
0.48781,0.18702
0.8393,0.9656
0.034402,0.8393
0.9656,0.1607
0.1607,0.034402
0.83977,0.033244
0.96676,0.83977
0.033244,0.16023
0.16023,0.96676
0.9676,0.74234
0.74234,0.032401
0.25766,0.9676
0.032401,0.25766
0.7222,0.67858
0.91617,0.63229
0.63229,0.083825
0.36771,0.91617
0.083825,0.36771
0.8088,0.51785
0.47882,0.9668
0.033197,0.47882
0.9668,0.52118
0.52118,0.033197
0.87104,0.76805
0.23195,0.87104
0.76805,0.12896
0.12896,0.23195
0.78616,0.64005
0.66064,0.50182
0.92416,0.73793
0.73793,0.075838
0.26207,0.92416
0.075838,0.26207
0.74015,0.92467
0.075329,0.74015
0.92467,0.25985
0.25985,0.075329
0.58579,0.66735
0.61998,0.54908
0.58207,0.41773
0.73302,0.42731
0.87508,0.57839
0.42161,0.87508
0.57839,0.12492
0.12492,0.42161
0.54349,0.71512
0.28591,0.54429
0.45565,0.28483
0.57308,0.72918
0.27082,0.57308
0.42692,0.27082
0.79381,0.57477
0.36255,0.68404
0.63745,0.31596
0.31596,0.36255
0.52421,0.47845
0.46457,0.92333
0.07667,0.46457
0.92333,0.53543
0.53543,0.07667
0.35173,0.74175
0.64827,0.25825
0.25825,0.35173
0.4859,0.62424
0.52593,0.40254
0.93199,0.57606
0.57606,0.068012
0.42394,0.93199
0.068012,0.42394
0.6722,0.42663
0.74774,0.96878
0.031224,0.74774
0.96878,0.25226
0.25226,0.031224
0.56801,0.51264
0.82307,0.79693
0.20307,0.82307
0.79693,0.17693
0.17693,0.20307
0.73857,0.71056
0.35991,0.8123
0.64009,0.1877
0.1877,0.35991
0.7668,0.81246
0.79816,0.8219
0.18754,0.7668
0.1781,0.79816
0.81246,0.2332
0.8219,0.20184
0.2332,0.18754
0.20184,0.1781
0.75229,0.48289
0.92864,0.087908
0.087908,0.071365
0.91209,0.92864
0.071365,0.91209
0.327,0.63984
0.36011,0.32686
0.62011,0.71724
0.67177,0.35984
0.50958,0.86892
0.13108,0.50958
0.86892,0.49042
0.49042,0.13108
0.76737,0.87381
0.12619,0.76737
0.87381,0.23263
0.23263,0.12619
0.72874,0.82434
0.17566,0.72874
0.82434,0.27126
0.27126,0.17566
0.30718,0.78498
0.69282,0.21502
0.21502,0.30718
0.47275,0.51208
0.8206,0.69762
0.83671,0.66949
0.37521,0.71747
0.62479,0.28253
0.28253,0.37521
0.67038,0.85045
0.14955,0.67038
0.85045,0.32962
0.32962,0.14955
0.89407,0.069847
0.93015,0.89407
0.069847,0.10593
0.10593,0.93015
0.37875,0.48914
0.62861,0.51633
0.42865,0.6379
0.54085,0.45408
0.4249,0.59108
0.75968,0.77504
0.22485,0.75974
0.77515,0.24026
0.24026,0.22485
0.44421,0.33109
0.76934,0.71825
0.57628,0.36852
0.36805,0.42963
0.48492,0.47289
0.83506,0.53504
0.9713,0.61785
0.61785,0.028703
0.38215,0.9713
0.028703,0.38215
0.41531,0.38479
0.61247,0.42056
0.71198,0.87166
0.12834,0.71198
0.87166,0.28802
0.28802,0.12834
0.30062,0.8214
0.69938,0.1786
0.33124,0.84041
0.66876,0.15959
0.1786,0.30062
0.15959,0.33124
0.72559,0.63043
0.78357,0.4502
0.31914,0.72606
0.68086,0.27394
0.27394,0.31914
0.97073,0.067644
0.067644,0.029272
0.93432,0.029815
0.97038,0.93368
0.029815,0.065685
0.93252,0.97104
0.028959,0.93252
0.065748,0.96974
0.5654,0.54293
0.75824,0.5334
0.67581,0.55158
0.71008,0.57264
0.23438,0.62292
0.76562,0.37708
0.37708,0.23438
0.38092,0.63366
0.7782,0.96987
0.030131,0.7782
0.96987,0.2218
0.2218,0.030131
0.96964,0.77777
0.77777,0.030356
0.22223,0.96964
0.030356,0.22223
0.56521,0.97034
0.029663,0.56521
0.97034,0.43479
0.43479,0.029663
0.62081,0.36996
0.63575,0.81805
0.18429,0.63907
0.81571,0.36093
0.36093,0.18429
0.84788,0.079036
0.92096,0.84788
0.079036,0.15212
0.15212,0.92096
0.8649,0.72387
0.72387,0.1351
0.27613,0.8649
0.1351,0.27613
0.33222,0.5788
0.78768,0.69348
0.62031,0.45797
0.51729,0.7558
0.2442,0.51729
0.48271,0.2442
0.55871,0.86941
0.13059,0.55871
0.86835,0.442
0.44129,0.13059
0.40075,0.77375
0.22625,0.40075
0.59925,0.22625
0.27958,0.76956
0.72042,0.23044
0.23044,0.27958
0.50359,0.52812
0.72263,0.37616
0.50481,0.67401
0.326,0.50446
0.81374,0.75057
0.24943,0.81374
0.75057,0.18626
0.18626,0.24943
0.67409,0.64409
0.36512,0.53806
0.46563,0.83718
0.16282,0.46563
0.53437,0.16282
0.52007,0.58583
0.72834,0.76764
0.23247,0.72851
0.76753,0.27149
0.27149,0.23247
0.64282,0.6831
0.61504,0.86139
0.13861,0.61504
0.86139,0.38496
0.38496,0.13861
0.8747,0.63625
0.63625,0.1253
0.36375,0.8747
0.1253,0.36375
0.79302,0.93153
0.068466,0.79302
0.93153,0.20698
0.20698,0.068466
0.93153,0.79302
0.79302,0.068466
0.20698,0.93153
0.068466,0.20698
0.88825,0.82644
0.82644,0.11175
0.17356,0.88825
0.11175,0.17356
0.7466,0.65896
0.52748,0.35822
0.81778,0.63911
0.97157,0.12397
0.12397,0.028431
0.87603,0.97157
0.028431,0.87603
0.87559,0.028108
0.97189,0.87559
0.028108,0.12441
0.12441,0.97189
0.32731,0.41311
0.68252,0.52329
0.83624,0.9373
0.062697,0.83624
0.9373,0.16376
0.16376,0.062697
0.41709,0.80225
0.19775,0.41709
0.58291,0.19775
0.53847,0.63962
0.58173,0.93248
0.067521,0.58173
0.93248,0.41827
0.41827,0.067521
0.8307,0.85704
0.14296,0.8307
0.85704,0.1693
0.1693,0.14296
0.6156,0.76707
0.26899,0.72413
0.73101,0.27587
0.27587,0.26899
0.67891,0.70912
0.61772,0.97241
0.027589,0.61772
0.97241,0.38228
0.38228,0.027589
0.60353,0.89126
0.10874,0.60353
0.89143,0.39593
0.39647,0.10874
0.88088,0.91978
0.080223,0.88088
0.91978,0.11912
0.11912,0.080223
0.9276,0.69497
0.69497,0.072396
0.30503,0.9276
0.072396,0.30503
0.58427,0.32252
0.82906,0.88958
0.11042,0.82906
0.88958,0.17094
0.17094,0.11042
0.57335,0.84448
0.15552,0.57335
0.84475,0.42642
0.42665,0.15552
0.77686,0.66689
0.8803,0.12048
0.87952,0.8803
0.12048,0.1197
0.1197,0.87952
0.38604,0.82669
0.17331,0.38604
0.61396,0.17331
0.5204,0.73056
0.26944,0.5204
0.48094,0.27184
0.70667,0.92839
0.071614,0.70667
0.92839,0.29333
0.29333,0.071614
0.54355,0.81854
0.18146,0.54355
0.45642,0.18142
0.59038,0.80264
0.19772,0.59061
0.41013,0.19913
0.90504,0.5885
0.5885,0.094964
0.4115,0.90504
0.094964,0.4115
0.29,0.9743
0.025701,0.29
0.9743,0.71
0.71,0.025701
0.44606,0.79932
0.20068,0.44606
0.55394,0.20068
0.33329,0.38432
0.64108,0.78238
0.82218,0.58897
0.65833,0.97361
0.026385,0.65833
0.97361,0.34167
0.34167,0.026385
0.87366,0.087923
0.91208,0.87366
0.087923,0.12634
0.12634,0.91208
0.51036,0.89922
0.10078,0.51036
0.89922,0.48964
0.48964,0.10078
0.61856,0.65751
0.80346,0.40897
0.29855,0.68058
0.70145,0.31942
0.31942,0.29855
0.40695,0.35723
0.21109,0.64335
0.78891,0.35665
0.35665,0.21109
0.41704,0.6783
0.56822,0.39567
0.46026,0.31137
0.64835,0.37418
0.69085,0.37865
0.52185,0.42932
0.41684,0.32664
0.47997,0.86246
0.13754,0.47997
0.86236,0.52329
0.52003,0.13754
0.82724,0.05818
0.94182,0.82724
0.05818,0.17276
0.17276,0.94182
0.2743,0.62437
0.37838,0.27307
0.59167,0.71033
0.4726,0.36621
0.7327,0.54057
0.54647,0.31036
0.50975,0.61106
0.43122,0.47719
0.35408,0.62619
0.72049,0.73043
0.45028,0.45605
0.42948,0.85036
0.84711,0.57026
0.14964,0.42948
0.57052,0.14964
0.56929,0.46002
0.61609,0.94222
0.05778,0.61609
0.94222,0.38391
0.38391,0.05778
0.44962,0.5393
0.39913,0.46739
0.41981,0.53396
0.71254,0.51856
0.24584,0.67809
0.75442,0.32197
0.32191,0.24584
0.69627,0.47404
0.37348,0.35288
0.38322,0.55491
0.81988,0.49192
0.47395,0.56688
0.33333,0.78302
0.66667,0.21698
0.21698,0.33333
0.80797,0.84729
0.15271,0.80797
0.84729,0.19203
0.19203,0.15271
0.48208,0.44726
0.71186,0.97373
0.026272,0.71186
0.97373,0.28814
0.28814,0.026272
0.52598,0.50679
0.45895,0.88958
0.11042,0.45895
0.88951,0.54085
0.54105,0.11042
0.62543,0.61347
0.49129,0.71263
0.28737,0.49129
0.75001,0.83176
0.16824,0.75001
0.83176,0.24999
0.24999,0.16824
0.39625,0.43858
0.84117,0.80998
0.19002,0.84117
0.80998,0.15883
0.15883,0.19002
0.45545,0.64852
0.38249,0.66366
0.4494,0.98039
0.019618,0.44958
0.98038,0.55042
0.55042,0.019618
0.77461,0.47763
0.49719,0.34906
0.62034,0.33633
0.85458,0.74488
0.25515,0.85455
0.74485,0.14545
0.14545,0.25515
0.66518,0.90693
0.093068,0.66518
0.90693,0.33482
0.33482,0.093068
0.43078,0.7544
0.24562,0.43077
0.56922,0.2456
0.31702,0.69976
0.68138,0.30331
0.30024,0.31702
0.77765,0.61838
0.64976,0.86892
0.13108,0.64976
0.86892,0.35024
0.35024,0.13108
0.87223,0.69176
0.69193,0.12782
0.30807,0.87218
0.12782,0.30807
0.49163,0.32071
0.74216,0.58918
0.82945,0.61458
0.80988,0.77504
0.22495,0.80988
0.77505,0.19012
0.19012,0.22495
0.90006,0.65153
0.34847,0.90006
0.65153,0.09994
0.09994,0.34847
0.50121,0.97153
0.028473,0.50121
0.97153,0.49879
0.49879,0.028473
0.89908,0.80146
0.80146,0.10092
0.19854,0.89908
0.10092,0.19854
0.69337,0.7705
0.80266,0.8974
0.1026,0.80266
0.8974,0.19734
0.19734,0.1026
0.5373,0.55077
0.36164,0.37814
0.58784,0.62667
0.81175,0.54337
0.75412,0.41905
0.37994,0.40108
0.66497,0.94508
0.054918,0.66497
0.94508,0.33503
0.33503,0.054918
0.54624,0.90868
0.091317,0.54624
0.90868,0.45376
0.45376,0.091317
0.72053,0.49136
0.48576,0.91315
0.086848,0.48576
0.91315,0.51424
0.51424,0.086848
0.6476,0.4559
0.40743,0.82515
0.17485,0.40743
0.59257,0.17485
0.77418,0.56121
0.69916,0.68064
0.69159,0.82108
0.17663,0.69467
0.82337,0.30533
0.30533,0.17663
0.2233,0.6012
0.3988,0.2233
0.35269,0.45674
0.91697,0.061576
0.061576,0.083029
0.93842,0.91697
0.083029,0.93842
0.85473,0.7817
0.2183,0.85473
0.7817,0.14527
0.14527,0.2183
0.22709,0.69396
0.77291,0.30604
0.30604,0.22709
0.94509,0.66674
0.66674,0.054907
0.33326,0.94509
0.054907,0.33326
0.58089,0.74921
0.24758,0.58008
0.41944,0.25035
0.54326,0.97402
0.025979,0.54326
0.97402,0.45674
0.45674,0.025979
0.43345,0.61311
0.43816,0.38211
0.46991,0.60139
0.55395,0.77084
0.22894,0.55376
0.44601,0.22901
0.9073,0.75566
0.75566,0.092702
0.24434,0.9073
0.092702,0.24434
0.69661,0.728
0.74419,0.61078
0.70094,0.59887
0.39342,0.50661
0.76035,0.91829
0.081709,0.76035
0.91829,0.23965
0.23965,0.081709
0.39841,0.71959
0.28059,0.39769
0.60159,0.28041
0.93925,0.63216
0.63216,0.060751
0.36784,0.93925
0.060751,0.36784
0.68997,0.86542
0.13458,0.68997
0.86542,0.31003
0.31003,0.13458
0.31474,0.59493
0.35305,0.58744
0.91773,0.71316
0.71316,0.082268
0.28684,0.91773
0.082268,0.28684
0.55674,0.61615
0.55488,0.59403
0.44936,0.68834
0.31166,0.44936
0.63724,0.59251
0.8998,0.67611
0.67611,0.1002
0.32389,0.8998
0.1002,0.32389
0.56295,0.79283
0.20621,0.56028
0.43774,0.20627
0.97652,0.66132
0.66132,0.02348
0.33868,0.97652
0.02348,0.33868
0.47209,0.41192
0.48514,0.39353
0.85812,0.61971
0.62181,0.14082
0.37819,0.85918
0.14082,0.37819
0.89244,0.93813
0.93813,0.10756
0.061871,0.89244
0.10756,0.061871
0.56348,0.67433
0.82414,0.45345
0.78551,0.86273
0.13727,0.78551
0.86273,0.21449
0.21449,0.13727
0.53574,0.6951
0.30631,0.53512
0.5491,0.35506
0.91694,0.60853
0.39147,0.91694
0.60853,0.083058
0.083058,0.39147
0.43774,0.43298
0.47276,0.72671
0.27329,0.47276
0.6323,0.63555
0.31443,0.62121
0.37885,0.31522
0.81897,0.97681
0.023192,0.81897
0.97681,0.18103
0.18103,0.023192
0.81897,0.023192
0.97681,0.81897
0.023192,0.18103
0.18103,0.97681
0.86761,0.86185
0.86184,0.13241
0.13815,0.86761
0.13241,0.13816
0.76608,0.4016
0.48685,0.75858
0.24142,0.48685
0.52995,0.2564
0.51317,0.24174
0.57494,0.57898
0.50417,0.2848
0.56912,0.4369
0.27161,0.69792
0.7284,0.30209
0.30208,0.27161
0.60189,0.7799
0.40889,0.55218
0.45423,0.71081
0.289,0.45454
0.66123,0.59008
0.23356,0.64794
0.76644,0.35206
0.35206,0.23356
0.65779,0.79807
0.41504,0.42928
0.47963,0.78721
0.21279,0.47963
0.52205,0.21352
0.45799,0.35519
0.74233,0.94705
0.052948,0.74233
0.94705,0.25767
0.25767,0.052948
0.64821,0.41234
0.75973,0.51198
0.44104,0.49548
0.27659,0.65554
0.72491,0.34415
0.34446,0.27659
0.51639,0.83469
0.16531,0.51639
0.48361,0.16531
0.85935,0.67576
0.67763,0.44405
0.20248,0.67856
0.79752,0.32144
0.32144,0.20248
0.61175,0.49604
0.41922,0.50938
0.30197,0.76425
0.69803,0.23575
0.23575,0.30197
0.47109,0.94466
0.055341,0.47109
0.94466,0.52891
0.52891,0.055341
0.27709,0.59296
0.41477,0.28685
0.54834,0.50527
0.49174,0.81914
0.18086,0.49174
0.50826,0.18086
0.72453,0.65381
0.59175,0.68889
0.52082,0.37937
0.50718,0.3103
0.60335,0.61044
0.37455,0.5844
0.71915,0.44619
0.66231,0.75603
0.34177,0.85788
0.65823,0.14212
0.14212,0.34177
0.88541,0.72019
0.72017,0.1146
0.27983,0.8854
0.1146,0.27983
0.53514,0.33741
0.65456,0.63358
0.77886,0.52322
0.54671,0.28756
0.54839,0.40089
0.6109,0.56692
0.59057,0.64771
0.5337,0.94179
0.058208,0.5337
0.94179,0.4663
0.4663,0.058208
0.34675,0.42347
0.55685,0.8892
0.1108,0.55685
0.8892,0.44315
0.44315,0.1108
0.85521,0.97997
0.02003,0.85521
0.97997,0.14479
0.14479,0.02003
0.85548,0.019806
0.98019,0.85548
0.019806,0.14452
0.14452,0.98019
0.8169,0.93871
0.061288,0.8169
0.93871,0.1831
0.1831,0.061288
0.6185,0.81626
0.18392,0.61856
0.81671,0.38187
0.38144,0.18392
0.57724,0.34825
0.77193,0.79268
0.20731,0.77194
0.79269,0.22806
0.22806,0.20731
0.59008,0.98339
0.016614,0.59008
0.98339,0.40992
0.40992,0.016614
0.62632,0.90757
0.092429,0.62632
0.90749,0.37369
0.37368,0.092429
0.88314,0.78815
0.78815,0.11686
0.21185,0.88314
0.11686,0.21185
0.72517,0.90781
0.092188,0.72517
0.90781,0.27483
0.27483,0.092188
0.97934,0.089166
0.089166,0.020661
0.90877,0.019284
0.98104,0.90891
0.91085,0.97937
0.020635,0.91085
0.019284,0.091234
0.091234,0.98072
0.37888,0.76963
0.62112,0.23037
0.23037,0.37888
0.97834,0.63766
0.63766,0.021665
0.36234,0.97834
0.021665,0.36234
0.69193,0.41778
0.65205,0.89002
0.10998,0.65205
0.88998,0.3479
0.34795,0.10998
0.6795,0.79895
0.41169,0.75509
0.24491,0.41169
0.58831,0.24491
0.70882,0.61664
0.39068,0.59901
0.63891,0.97523
0.024766,0.63891
0.97523,0.36109
0.36109,0.024766
0.83763,0.48291
0.65217,0.48075
0.67653,0.48396
0.51889,0.77738
0.22262,0.51889
0.48111,0.22262
0.72974,0.98232
0.017679,0.72974
0.98232,0.27026
0.27026,0.017679
0.47497,0.49113
0.97806,0.75906
0.75906,0.021937
0.021937,0.24094
0.24094,0.97806
0.36125,0.47653
0.62126,0.73583
0.34683,0.67053
0.65292,0.32898
0.33001,0.34753
0.53094,0.86629
0.13371,0.53094
0.86629,0.46906
0.46936,0.13366
0.49149,0.69103
0.30892,0.49147
0.86922,0.90165
0.098346,0.86922
0.90165,0.13078
0.13078,0.098346
0.39972,0.87041
0.12959,0.39972
0.87043,0.60021
0.60028,0.12959
0.61265,0.47625
0.79701,0.43448
0.94541,0.74431
0.74431,0.054589
0.25569,0.94541
0.054589,0.25569
0.79813,0.97791
0.022093,0.79813
0.97791,0.20187
0.20187,0.022093
0.97973,0.79579
0.79579,0.020275
0.20421,0.97973
0.020275,0.20421
0.55479,0.83452
0.16548,0.55479
0.44521,0.16548
0.3214,0.56272
0.4425,0.9238
0.076204,0.4425
0.9238,0.5575
0.5575,0.076204
0.37501,0.51933
0.76832,0.73819
0.59211,0.59251
0.60017,0.3691
0.70045,0.94697
0.053034,0.70045
0.94697,0.29955
0.29955,0.053034
0.72015,0.78773
0.21227,0.72015
0.78773,0.27985
0.27985,0.21227
0.39977,0.31779
0.31496,0.65618
0.34385,0.31496
0.42945,0.98119
0.018814,0.42945
0.98119,0.57055
0.57055,0.018814
0.65328,0.73211
0.86362,0.65272
0.98115,0.050266
0.050266,0.01885
0.94994,0.018559
0.98112,0.94986
0.018559,0.050059
0.94971,0.98142
0.050085,0.98106
0.018584,0.94971
0.3382,0.69155
0.65945,0.30784
0.3085,0.33826
0.7898,0.59491
0.6853,0.34347
0.45542,0.56522
0.46572,0.46402
0.50643,0.39577
0.4928,0.55663
0.48864,0.64214
0.66385,0.66238
0.72855,0.55951
0.76973,0.64853
0.78581,0.8833
0.1167,0.78581
0.8833,0.21419
0.21419,0.1167
0.52021,0.66128
0.34004,0.51935
0.75887,0.89359
0.10641,0.75887
0.89359,0.24113
0.24113,0.10641
0.37012,0.79407
0.62988,0.20593
0.20593,0.37012
0.36918,0.89265
0.10735,0.36918
0.89265,0.63082
0.63082,0.10735
0.79665,0.48874
0.72665,0.40874
0.47083,0.74675
0.25325,0.47083
0.74388,0.37658
0.92317,0.77405
0.77405,0.076829
0.22595,0.92317
0.076829,0.22595
0.94718,0.078663
0.078663,0.052818
0.92134,0.94718
0.052818,0.92134
0.43391,0.7222
0.27792,0.43421
0.56546,0.27935
0.68725,0.66088
0.68469,0.75448
0.57379,0.95128
0.048717,0.57379
0.95128,0.42621
0.42621,0.048717
0.6406,0.55022
0.57427,0.49296
0.3495,0.55012
0.52005,0.53795
0.8872,0.05172
0.94937,0.88658
0.05172,0.1128
0.1128,0.94828
0.65818,0.83503
0.16525,0.65703
0.83475,0.34297
0.34297,0.16525
0.33216,0.74198
0.66784,0.25802
0.25802,0.33216
0.50685,0.9173
0.082701,0.50685
0.9173,0.49315
0.49315,0.082701
0.78486,0.95041
0.049589,0.78486
0.95041,0.21514
0.21514,0.049589
0.95041,0.78486
0.78486,0.049589
0.21514,0.95041
0.049589,0.21514
0.26103,0.76823
0.73897,0.23177
0.23177,0.26103
0.58457,0.54334
0.34481,0.76162
0.65519,0.23838
0.23838,0.34481
0.62968,0.69916
0.9788,0.59992
0.59992,0.021204
0.40008,0.9788
0.021204,0.40008
0.50325,0.95276
0.047241,0.50325
0.95276,0.49675
0.49675,0.047241
0.82035,0.65911
0.72956,0.7474
0.52312,0.62575
0.76725,0.43775
0.66187,0.69556
0.66559,0.56818
0.62845,0.9282
0.071801,0.62845
0.92819,0.37155
0.37155,0.071801
0.52175,0.27465
0.59146,0.90874
0.091256,0.59146
0.58318,0.88793
0.11207,0.58318
0.90874,0.40854
0.88926,0.41679
0.40854,0.091256
0.41682,0.11207
0.81895,0.71686
0.34817,0.797
0.65183,0.203
0.203,0.34817
0.50071,0.43277
0.74039,0.4677
0.94548,0.69115
0.69115,0.054522
0.30885,0.94548
0.054522,0.30885
0.40906,0.63769
0.42422,0.65789
0.45189,0.41446
0.61189,0.44147
0.74691,0.87255
0.12745,0.74691
0.87255,0.25309
0.25309,0.12745
0.39833,0.3944
0.27235,0.98227
0.017733,0.27235
0.98227,0.72765
0.72765,0.017733
0.45438,0.81798
0.18202,0.45438
0.54562,0.18202
0.46281,0.66984
0.32789,0.46152
0.67766,0.1388
0.32234,0.8612
0.1388,0.32234
0.52879,0.31691
0.55198,0.6536
0.59025,0.50725
0.7248,0.69755
0.50417,0.57546
0.58593,0.8197
0.18034,0.58595
0.41391,0.18019
0.69206,0.017561
0.98244,0.69206
0.017561,0.30794
0.30794,0.98244
0.88108,0.56009
0.43965,0.88116
0.11884,0.43965
0.56035,0.11884
0.97993,0.020072
0.020072,0.020072
0.97993,0.97993
0.020072,0.97993
0.53243,0.57002
0.8453,0.05516
0.94484,0.8453
0.05516,0.1547
0.1547,0.94484
0.56057,0.92303
0.076971,0.56057
0.92303,0.43943
0.43943,0.076971
0.91055,0.082656
0.91734,0.91055
0.082656,0.089446
0.089446,0.91734
0.44758,0.78175
0.21825,0.44758
0.55243,0.21827
0.49385,0.79979
0.20021,0.49385
0.50633,0.20029
0.39691,0.67617
0.28268,0.81849
0.28983,0.83618
0.71727,0.18166
0.71038,0.16373
0.18151,0.28268
0.16382,0.28983
0.50438,0.48055
0.65987,0.44125
0.78132,0.77343
0.22647,0.78136
0.77353,0.21864
0.21864,0.22647
0.41448,0.57279
0.69034,0.88542
0.11458,0.69034
0.88542,0.30966
0.30966,0.11458
0.71137,0.42208
0.51418,0.93831
0.061689,0.51418
0.93831,0.48582
0.48582,0.061689
0.44953,0.60145
0.58873,0.46613
0.42704,0.9497
0.9497,0.57296
0.050301,0.42704
0.57296,0.050301
0.75789,0.85341
0.14659,0.75789
0.85341,0.24211
0.24211,0.14659
0.25221,0.73086
0.74779,0.26914
0.26914,0.25221
0.69189,0.56281
0.64216,0.50231
0.19975,0.65623
0.80025,0.34377
0.34377,0.19975
0.80341,0.45103
0.29429,0.62909
0.37132,0.29422
0.83641,0.70981
0.84868,0.85573
0.85573,0.15132
0.14427,0.84868
0.15132,0.14427
0.62432,0.83524
0.165,0.62464
0.83512,0.37541
0.37536,0.165
0.67019,0.60758
0.25854,0.66634
0.74211,0.33344
0.33366,0.25854
0.31829,0.42953
0.30766,0.41307
0.79871,0.74116
0.25877,0.79845
0.74123,0.20155
0.20155,0.25877
0.82131,0.41461
0.80555,0.80577
0.19423,0.80555
0.80577,0.19445
0.19445,0.19423
0.39745,0.27637
0.34232,0.82143
0.65768,0.17857
0.17857,0.34232
0.88738,0.75722
0.75722,0.11262
0.24278,0.88738
0.11262,0.24278
0.68926,0.91386
0.086144,0.68926
0.91386,0.31074
0.31074,0.086144
0.59518,0.85274
0.14726,0.59518
0.8533,0.40457
0.40482,0.14726
0.838,0.095969
0.90404,0.83801
0.095969,0.162
0.16199,0.90404
0.29877,0.58968
0.72027,0.84106
0.15894,0.72027
0.84106,0.27973
0.27973,0.15894
0.93294,0.64968
0.64968,0.067059
0.35032,0.93294
0.067059,0.35032
0.37542,0.69792
0.62461,0.30208
0.30167,0.37564
0.31217,0.74375
0.68783,0.25625
0.25625,0.31217
0.25411,0.62141
0.37746,0.25211
0.6028,0.32568
0.44548,0.84292
0.15708,0.44548
0.55452,0.15708
0.69285,0.98242
0.01758,0.69285
0.98242,0.30715
0.30715,0.01758
0.78571,0.40251
0.43744,0.57419
0.45255,0.75286
0.24714,0.45255
0.54745,0.24714
0.52495,0.45911
0.61463,0.40206
0.53483,0.76451
0.23546,0.5348
0.46517,0.23547
0.46879,0.90539
0.094612,0.46879
0.90538,0.53118
0.53121,0.094612
0.40712,0.70366
0.59159,0.29742
0.29869,0.80196
0.70131,0.19806
0.19804,0.29869
0.52316,0.98103
0.018967,0.52316
0.98103,0.47684
0.47684,0.018967
0.46966,0.63171
0.67965,0.83533
0.16683,0.67994
0.83317,0.32006
0.32006,0.16683
0.84355,0.55254
0.71762,0.80676
0.19324,0.71762
0.80676,0.28238
0.28238,0.19324
0.76459,0.98109
0.01891,0.76459
0.98109,0.23541
0.23541,0.01891
0.36387,0.75664
0.63613,0.24336
0.24336,0.36387
0.84043,0.44509
0.68843,0.39757
0.83286,0.74965
0.25035,0.83286
0.74965,0.16714
0.16714,0.25035
0.53059,0.017011
0.98299,0.53059
0.017011,0.46941
0.46939,0.98299
0.41383,0.406
0.52056,0.68135
0.31918,0.52014
0.9583,0.60233
0.60233,0.0417
0.39767,0.9583
0.0417,0.39767
0.7589,0.57943
0.95889,0.051986
0.051986,0.041112
0.95889,0.94801
0.051986,0.95889
0.61565,0.53107
0.64702,0.93857
0.061428,0.64702
0.93857,0.35298
0.35298,0.061428
0.56511,0.31649
0.87385,0.74726
0.74726,0.12615
0.25274,0.87385
0.12615,0.25274
0.59829,0.76085
0.63128,0.41635
0.56205,0.71459
0.28614,0.56217
0.43732,0.28602
0.72025,0.88863
0.11137,0.72025
0.88863,0.27975
0.27975,0.11137
0.74818,0.81434
0.18566,0.74818
0.81434,0.25182
0.25182,0.18566
0.42203,0.34701
0.55415,0.73064
0.26936,0.55415
0.44585,0.26936
0.49123,0.5149
0.69109,0.63601
0.95916,0.7612
0.7612,0.040841
0.2388,0.95916
0.040841,0.2388
0.34467,0.49587
0.46341,0.52946
0.62747,0.57644
0.75512,0.70489
0.29874,0.72495
0.70126,0.27505
0.27505,0.29874
0.83374,0.90844
0.091561,0.83374
0.84828,0.89231
0.10769,0.84828
0.9086,0.1664
0.89233,0.15183
0.16626,0.091561
0.15172,0.10769
0.45976,0.49908
0.63597,0.72358
0.47827,0.67895
0.32105,0.47827
0.72594,0.58089
0.5431,0.95585
0.044147,0.5431
0.95585,0.4569
0.4569,0.044147
0.90731,0.7302
0.7302,0.092691
0.2698,0.90731
0.092691,0.2698
0.56437,0.41252
0.27622,0.75127
0.72378,0.24873
0.24873,0.27622
0.71103,0.77007
0.52139,0.79562
0.20438,0.52139
0.47861,0.20438
0.79912,0.55698
0.60453,0.66775
0.31977,0.82536
0.68023,0.17464
0.17464,0.31977
0.82601,0.51559
0.74046,0.64148
0.56854,0.56118
0.80303,0.70379
0.35683,0.72314
0.64317,0.27686
0.27686,0.35683
0.63407,0.53299
0.59757,0.40955
0.74503,0.90724
0.092761,0.74503
0.90724,0.25497
0.25497,0.092761
0.92686,0.7558
0.7558,0.073136
0.2442,0.92686
0.073136,0.2442
0.77975,0.82671
0.17329,0.77975
0.82671,0.22025
0.22025,0.17329
0.984,0.11037
0.11037,0.016002
0.88935,0.015813
0.98422,0.88936
0.88963,0.984
0.015999,0.88963
0.015813,0.11065
0.11065,0.98419
0.39794,0.73926
0.26079,0.39785
0.60206,0.26074
0.48091,0.42785
0.91627,0.79529
0.79529,0.083729
0.20471,0.91627
0.083729,0.20471
0.54408,0.92762
0.072381,0.54408
0.92762,0.45592
0.45592,0.072381
0.70331,0.45724
0.94372,0.59032
0.59032,0.056278
0.40968,0.94372
0.056278,0.40968
0.65892,0.55109
0.28707,0.41645
0.85497,0.93094
0.069063,0.85497
0.93094,0.14503
0.14503,0.069063
0.51571,0.85246
0.14754,0.51571
0.48432,0.14754
0.59325,0.43144
0.82399,0.95558
0.044419,0.82399
0.95558,0.17601
0.17601,0.044419
0.27723,0.96041
0.039593,0.27723
0.96041,0.72277
0.72277,0.039593
0.80296,0.64975
0.61875,0.35436
0.7951,0.91511
0.084886,0.7951
0.91511,0.2049
0.2049,0.084886
0.84577,0.82726
0.17274,0.84577
0.82726,0.15423
0.15423,0.17274
0.85871,0.9609
0.039099,0.85871
0.9609,0.14129
0.14129,0.039099
0.82108,0.67876
0.8882,0.5924
0.59241,0.1118
0.40759,0.8882
0.1118,0.40759
0.59891,0.93874
0.061262,0.59891
0.93874,0.40109
0.40109,0.061262
0.81108,0.066477
0.93352,0.81108
0.066477,0.18892
0.18892,0.93352
0.78466,0.80914
0.19086,0.78466
0.80914,0.21534
0.21534,0.19086
0.5404,0.47229
0.67128,0.62516
0.88063,0.84324
0.84316,0.11949
0.15676,0.88063
0.11949,0.15684
0.55686,0.52693
0.87257,0.82281
0.82295,0.12733
0.17719,0.87257
0.12733,0.17705
0.65221,0.39145
0.92734,0.044659
0.044659,0.072661
0.95573,0.92234
0.072721,0.95492
0.55301,0.68852
0.81003,0.57624
0.86853,0.70804
0.70787,0.13156
0.29213,0.86844
0.13156,0.29213
0.3511,0.60922
0.59115,0.72922
0.70791,0.66634
0.36916,0.73712
0.63084,0.26288
0.26288,0.36916
0.74583,0.76104
0.23875,0.74606
0.76125,0.25394
0.25394,0.23875
0.79259,0.84155
0.15845,0.79259
0.84155,0.20741
0.20741,0.15845
0.23119,0.70992
0.76881,0.29008
0.29008,0.23119
0.75176,0.72445
0.7368,0.49497
0.91748,0.10203
0.10203,0.082517
0.89797,0.91748
0.082517,0.89797
0.57055,0.65779
0.73946,0.69005
0.66441,0.51956
0.38689,0.61737
0.6304,0.86647
0.13353,0.6304
0.86614,0.36911
0.3696,0.13353
0.29429,0.6645
0.70616,0.33554
0.3355,0.29429
0.33532,0.65605
0.34431,0.33551
0.5023,0.62649
0.72124,0.933
0.067005,0.72124
0.933,0.27876
0.27876,0.067005
0.82575,0.47298
0.52768,0.90383
0.096168,0.52768
0.90383,0.47232
0.47232,0.096168
0.41556,0.78491
0.21509,0.41556
0.58444,0.21509
0.66442,0.34334
0.53685,0.73143
0.26868,0.53694
0.46321,0.26883
0.60853,0.70382
0.83933,0.78872
0.21128,0.83933
0.78872,0.16067
0.16067,0.21128
0.60208,0.54896
0.76344,0.95958
0.040417,0.76344
0.95958,0.23656
0.23656,0.040417
0.45621,0.3735
0.28931,0.78455
0.71069,0.21545
0.21545,0.28931
0.56385,0.75639
0.24494,0.56244
0.43611,0.24346
0.66082,0.92677
0.073227,0.66082
0.92677,0.33918
0.33918,0.073227
0.85948,0.039198
0.9608,0.85948
0.039198,0.14052
0.14052,0.9608
0.79958,0.62773
0.5182,0.52135
0.8779,0.070041
0.92996,0.8779
0.070041,0.1221
0.1221,0.92996
0.4486,0.30035
0.5131,0.41483
0.30266,0.55313
0.67915,0.50619
0.64907,0.76746
0.83842,0.58387
0.33311,0.36707
0.68162,0.94646
0.05354,0.68162
0.94646,0.31838
0.31838,0.05354
0.24026,0.59618
0.40498,0.23965
0.98288,0.16443
0.16443,0.017118
0.83557,0.98288
0.017118,0.83557
0.83557,0.017118
0.98288,0.83557
0.017118,0.16443
0.16443,0.98288
0.62645,0.67352
0.63508,0.80011
0.89246,0.57526
0.57526,0.10754
0.42474,0.89246
0.10754,0.42474
0.82299,0.87311
0.12689,0.82299
0.87311,0.17701
0.17701,0.12689
0.78392,0.72967
0.75923,0.4667
0.73773,0.44669
0.53766,0.58685
0.77843,0.92318
0.076825,0.77843
0.92318,0.22157
0.22157,0.076825
0.94849,0.037786
0.037786,0.05151
0.94784,0.9611
0.0389,0.94784
0.6884,0.54019
0.37891,0.68118
0.62124,0.31878
0.83599,0.68912
0.61633,0.87836
0.12164,0.61633
0.87467,0.39637
0.38367,0.12164
0.70996,0.63626
0.76205,0.61366
0.35414,0.43931
0.96481,0.56268
0.56268,0.03519
0.43573,0.96487
0.03519,0.43732
0.88229,0.10312
0.89688,0.88229
0.10312,0.11771
0.11771,0.89688
0.53782,0.43605
0.9639,0.54057
0.54057,0.036104
0.45943,0.9639
0.036104,0.45943
0.40759,0.5919
0.82323,0.041199
0.9588,0.82323
0.041199,0.17677
0.17677,0.9588
0.93838,0.72483
0.72483,0.061624
0.27517,0.93838
0.061624,0.27517
0.78538,0.71093
0.58044,0.52481
0.39472,0.48231
0.3625,0.49468
0.67156,0.98238
0.01762,0.67156
0.98238,0.32844
0.32844,0.01762
0.79311,0.51171
0.76585,0.75733
0.95352,0.61939
0.61939,0.046477
0.38061,0.95352
0.046477,0.38061
0.49563,0.85863
0.14137,0.49563
0.85863,0.50437
0.50437,0.14137
0.71008,0.82581
0.17419,0.71008
0.82581,0.28992
0.28992,0.17419
0.6652,0.71962
0.75975,0.66695
0.53562,0.48932
0.45981,0.32657
0.28619,0.69422
0.71386,0.30579
0.30578,0.28619
0.66986,0.53583
0.74296,0.77928
0.22072,0.74296
0.77928,0.25704
0.25704,0.22072
0.92569,0.59228
0.59228,0.074306
0.40772,0.92569
0.074306,0.40772
0.57159,0.87599
0.12401,0.57159
0.87578,0.42838
0.42841,0.12401
0.46257,0.79421
0.20579,0.46257
0.53743,0.20579
0.42004,0.83697
0.57996,0.16303
0.16303,0.42004
0.5181,0.88386
0.11614,0.5181
0.88386,0.4819
0.4819,0.11614
0.85418,0.76435
0.23565,0.85418
0.76435,0.14582
0.14582,0.23565
0.77759,0.58122
0.5265,0.71271
0.28729,0.5265
0.4732,0.28534
0.79875,0.52808
0.84591,0.52068
0.75986,0.54948
0.70596,0.48425
0.36463,0.82898
0.63537,0.17102
0.17102,0.36463
0.21799,0.62773
0.78201,0.37227
0.37227,0.21799
0.60526,0.45915
0.68715,0.69416
0.80052,0.76192
0.23805,0.80053
0.76195,0.19947
0.19947,0.23805
0.58254,0.38437
0.39182,0.015273
0.98473,0.39182
0.015273,0.60818
0.60818,0.98473
0.72769,0.87086
0.12914,0.72769
0.87086,0.27231
0.27231,0.12914
0.26976,0.78422
0.73024,0.21578
0.21578,0.26976
0.43378,0.68146
0.47466,0.58603
0.91731,0.64962
0.64962,0.082688
0.35038,0.91731
0.082688,0.35038
0.81519,0.73457
0.35775,0.70036
0.64225,0.29964
0.29964,0.35775
0.37874,0.41677
0.91383,0.57396
0.42604,0.91383
0.57396,0.086168
0.086168,0.42604
0.33703,0.62466
0.44433,0.39862
0.49913,0.65812
0.85937,0.58477
0.41523,0.85937
0.58477,0.14063
0.14063,0.41523
0.37756,0.81238
0.18762,0.37756
0.62244,0.18762
0.38015,0.44288
0.82052,0.81365
0.18635,0.82052
0.81365,0.17948
0.17948,0.18635
0.34552,0.6397
0.37291,0.64991
0.24057,0.66329
0.76141,0.3371
0.33671,0.24057
0.51314,0.015422
0.98458,0.51314
0.015422,0.48686
0.48686,0.98458
0.64613,0.51818
0.24212,0.76607
0.75788,0.23393
0.23393,0.24212
0.39032,0.35827
0.38748,0.78582
0.61252,0.21418
0.21418,0.38748
0.31015,0.63834
0.36165,0.31013
0.501,0.88535
0.11465,0.501
0.88535,0.499
0.499,0.11465
0.89042,0.086291
0.086291,0.10958
0.91371,0.89042
0.10958,0.91371
0.41971,0.36784
0.57112,0.98485
0.015146,0.57112
0.98485,0.42888
0.42888,0.015146
0.34305,0.56593
0.85479,0.48132
0.6335,0.46791
0.49186,0.60863
0.55278,0.85473
0.14527,0.55278
0.44725,0.14526
0.69623,0.51313
0.72811,0.52383
0.81193,0.8322
0.1678,0.81193
0.8322,0.18807
0.18807,0.1678
0.53479,0.41677
0.806,0.59276
0.75209,0.93264
0.067357,0.75209
0.93264,0.24791
0.24791,0.067357
0.73576,0.7293
0.61086,0.51412
0.57292,0.47632
0.66372,0.37464
0.65477,0.35984
0.72773,0.39132
0.96266,0.69806
0.69806,0.03734
0.30194,0.96266
0.03734,0.30194
0.37324,0.33528
0.35991,0.34273
0.50658,0.72331
0.27669,0.50658
0.68941,0.36221
0.40242,0.37368
0.83152,0.073375
0.92663,0.83152
0.073375,0.16848
0.16848,0.92663
0.78945,0.46532
0.27987,0.63955
0.36087,0.2797
0.41086,0.26657
0.95406,0.11968
0.11968,0.04594
0.88032,0.95406
0.04594,0.88032
0.92938,0.073086
0.073086,0.070619
0.92691,0.92938
0.070619,0.92691
0.98676,0.07
0.07,0.013238
0.92898,0.015564
0.9847,0.92903
0.93,0.98676
0.015564,0.071016
0.013238,0.93
0.071026,0.98434
0.73178,0.96426
0.035737,0.73178
0.96426,0.26822
0.26822,0.035737
0.328,0.71219
0.67155,0.28874
0.28781,0.328
0.70745,0.38442
0.44631,0.63344
0.87469,0.61967
0.38017,0.8763
0.1237,0.38017
0.61983,0.1237
0.50899,0.3612
0.40495,0.51973
0.79005,0.6764
0.93072,0.67997
0.67997,0.069281
0.32003,0.93072
0.069281,0.32003
0.54794,0.80349
0.19651,0.54794
0.45206,0.19651
0.77363,0.68303
0.36539,0.6672
0.72245,0.71533
0.668,0.40831
0.55935,0.36683
0.63545,0.3303
0.50921,0.7414
0.2586,0.50921
0.49079,0.2586
0.3178,0.38028
0.83896,0.84174
0.15826,0.83896
0.84174,0.16104
0.16104,0.15826
0.48088,0.83273
0.16727,0.48088
0.51912,0.16727
0.43971,0.64907
0.41399,0.30702
0.26515,0.81507
0.73484,0.18495
0.18493,0.26515
0.43122,0.79258
0.20742,0.43122
0.56878,0.20743
0.37021,0.62188
0.47546,0.3171
0.41721,0.71635
0.58264,0.28363
0.45421,0.90974
0.090258,0.45421
0.90973,0.54576
0.54579,0.090258
0.91109,0.68801
0.68801,0.088908
0.31199,0.91109
0.088908,0.31199
0.33751,0.40027
0.26239,0.58714
0.93625,0.54685
0.45315,0.93625
0.54685,0.063755
0.063755,0.45315
0.66591,0.8662
0.656,0.85352
0.1338,0.66591
0.14652,0.65585
0.8662,0.33409
0.85348,0.34415
0.33409,0.1338
0.34415,0.14652
0.60248,0.81083
0.18941,0.60248
0.3976,0.18961
0.43617,0.53424
0.46535,0.85353
0.14647,0.46535
0.53465,0.14647
0.74785,0.98599
0.01401,0.74785
0.98599,0.25215
0.25215,0.01401
0.47284,0.87803
0.12197,0.47284
0.87803,0.52716
0.52716,0.12197
0.72823,0.36085
0.43156,0.31959
0.34926,0.53387
0.85741,0.090809
0.90919,0.85741
0.090809,0.14259
0.14259,0.90919
0.63403,0.38052
0.25794,0.68929
0.74215,0.3107
0.31071,0.25794
0.40072,0.81091
0.18909,0.40072
0.59928,0.18909
0.76398,0.49462
0.55402,0.55343
0.30673,0.83624
0.6933,0.16375
0.16376,0.30673
0.4886,0.95384
0.046156,0.4886
0.95384,0.5114
0.5114,0.046156
0.83499,0.65122
0.47944,0.92819
0.071814,0.47944
0.92819,0.52056
0.52056,0.071814
0.1999,0.6332
0.80034,0.36724
0.3668,0.1999
0.74986,0.43618
0.98675,0.12802
0.12802,0.013248
0.87198,0.98675
0.013248,0.87198
0.87192,0.01315
0.98685,0.87192
0.01315,0.12808
0.12808,0.98685
0.80532,0.6865
0.74357,0.52633
0.31785,0.77607
0.68177,0.22391
0.3181,0.79346
0.68204,0.20635
0.22393,0.31785
0.20654,0.3181
0.60637,0.72475
0.92768,0.6207
0.3793,0.92768
0.6207,0.072325
0.072325,0.3793
0.50356,0.76446
0.23554,0.50356
0.49644,0.23554
0.77149,0.69981
0.68298,0.59758
0.88265,0.64804
0.64819,0.12033
0.35181,0.87967
0.12033,0.35181
0.77316,0.01471
0.98529,0.77316
0.01471,0.22684
0.22684,0.98529
0.63643,0.36382
0.65806,0.6776
0.61421,0.38425
0.44446,0.76625
0.23376,0.44446
0.55555,0.23379
0.42854,0.39602
0.75505,0.79624
0.20375,0.75506
0.79625,0.24494
0.24494,0.20375
0.53587,0.38982
0.32153,0.39805
0.85067,0.53588
0.68236,0.89707
0.10293,0.68236
0.89707,0.31764
0.31764,0.10293
0.70733,0.36888
0.49916,0.4643
0.82179,0.76448
0.23552,0.82179
0.76448,0.17821
0.17821,0.23552
0.94306,0.093245
0.093245,0.056936
0.90675,0.94306
0.056936,0.90675
0.44253,0.3469
0.53597,0.65466
0.38304,0.90313
0.096865,0.38304
0.90313,0.61696
0.61696,0.096865
0.96085,0.6633
0.6633,0.039152
0.3367,0.96085
0.039152,0.3367
0.62567,0.43141
0.50655,0.59513
0.34916,0.38763
0.62431,0.78124
0.8148,0.3981
0.43618,0.86468
0.86468,0.56382
0.13532,0.43618
0.56382,0.13532
0.83192,0.63009
0.57309,0.86103
0.13897,0.57309
0.86078,0.42591
0.42691,0.13897
0.62047,0.15858
0.37953,0.84142
0.15858,0.37953
0.41502,0.47293
0.33962,0.72625
0.66033,0.27385
0.27375,0.33962
0.34666,0.83758
0.65334,0.16242
0.16242,0.34666
0.58273,0.40124
0.55402,0.4451
0.40565,0.34087
0.27791,0.84904
0.72209,0.15096
0.15096,0.27791
0.71062,0.85577
0.14423,0.71062
0.85577,0.28938
0.28938,0.14423
0.86391,0.88327
0.11673,0.86391
0.88327,0.13611
0.1361,0.11673
0.73434,0.8377
0.1623,0.73434
0.8377,0.26566
0.26566,0.1623
0.64336,0.90228
0.097724,0.64336
0.90222,0.35659
0.35664,0.097724
0.57777,0.68202
0.7288,0.61484
0.38263,0.47219
0.43337,0.80945
0.19055,0.43337
0.56663,0.19055
0.68551,0.46013
0.48648,0.5326
0.60794,0.64938
0.377,0.98441
0.015589,0.377
0.98441,0.623
0.623,0.015589
0.52312,0.60141
0.81624,0.62113
0.58721,0.83666
0.16334,0.58721
0.41279,0.16334
0.31294,0.80973
0.68708,0.19024
0.19027,0.31294
0.90182,0.71534
0.71534,0.098182
0.28466,0.90182
0.098182,0.28466
0.54265,0.62488
0.68619,0.84969
0.15031,0.68619
0.84969,0.31381
0.31381,0.15031
0.90209,0.056218
0.056218,0.097909
0.94378,0.90209
0.097909,0.94378
0.3682,0.55356
0.84915,0.72253
0.69693,0.5814
0.3147,0.57927
0.51507,0.49414
0.33676,0.59503
0.67446,0.01476
0.98524,0.67446
0.01476,0.32554
0.32554,0.98524
0.55538,0.98567
0.014331,0.55538
0.98567,0.44462
0.44462,0.014331
0.6176,0.75227
0.82239,0.84406
0.15594,0.82239
0.84406,0.17761
0.17761,0.15594
0.39499,0.75762
0.24239,0.39498
0.60501,0.24238
0.93422,0.70723
0.70723,0.065776
0.29277,0.93422
0.065776,0.29277
0.41811,0.60604
0.38064,0.54049
0.52861,0.74599
0.25402,0.52862
0.47154,0.2543
0.65028,0.012325
0.98767,0.65028
0.012325,0.34972
0.34972,0.98767
0.25588,0.98488
0.01512,0.25588
0.98488,0.74412
0.74412,0.01512
0.77167,0.63285
0.49027,0.48773
0.7116,0.58724
0.42389,0.4896
0.86063,0.069944
0.93006,0.86063
0.069944,0.13937
0.13937,0.93006
0.71213,0.55712
0.41924,0.62275
0.8852,0.81054
0.81056,0.11479
0.18946,0.8852
0.11479,0.18944
0.45563,0.51217
0.65222,0.98643
0.013574,0.65222
0.98643,0.34778
0.34778,0.013574
0.28181,0.73165
0.71819,0.26835
0.26835,0.28181
0.60861,0.95768
0.62486,0.95762
0.042321,0.60861
0.042376,0.62486
0.95768,0.39139
0.95762,0.37514
0.39139,0.042321
0.37514,0.042376
0.7832,0.98469
0.015311,0.7832
0.98469,0.2168
0.2168,0.015311
0.83821,0.41222
0.64014,0.62289
0.36346,0.4139
0.4758,0.70842
0.29154,0.47584
0.7761,0.38786
0.46172,0.44818
0.73971,0.41324
0.73937,0.6258
0.3076,0.71215
0.69069,0.28913
0.28785,0.3076
0.41448,0.98544
0.014556,0.41448
0.98544,0.58552
0.58552,0.014556
0.39023,0.64605
0.50371,0.54344
0.48037,0.84731
0.15269,0.48037
0.51963,0.15269
0.77041,0.45685
0.5806,0.96812
0.031876,0.5806
0.96812,0.4194
0.4194,0.031876
0.37338,0.50394
0.73323,0.81043
0.18957,0.73323
0.81043,0.26677
0.26677,0.18957
0.43783,0.93857
0.061427,0.43783
0.93857,0.56217
0.56217,0.061427
0.57697,0.80357
0.19949,0.57678
0.42149,0.20798
0.65133,0.81538
0.63148,0.44772
0.53169,0.82755
0.17245,0.53169
0.4683,0.17244
0.81512,0.85959
0.14041,0.81512
0.85959,0.18488
0.18488,0.14041
0.49657,0.90101
0.098994,0.49657
0.90101,0.50343
0.50343,0.098994
0.24416,0.63458
0.75586,0.36474
0.36523,0.24383
0.62965,0.56114
0.41638,0.76982
0.23018,0.41638
0.58362,0.23018
0.64308,0.13916
0.35692,0.86084
0.13916,0.35692
0.58856,0.35567
0.82641,0.54818
0.96251,0.080302
0.080302,0.037488
0.9197,0.96251
0.037488,0.9197
0.9332,0.9561
0.043899,0.9332
0.91981,0.030891
0.030891,0.080188
0.080206,0.96898
0.014507,0.62516
0.62516,0.98549
0.37484,0.014507
0.98549,0.37484
0.48933,0.36417
0.98754,0.49272
0.49272,0.012456
0.50728,0.98754
0.012456,0.50728
0.57776,0.71555
0.8077,0.78869
0.21131,0.8077
0.78869,0.1923
0.1923,0.21131
0.28647,0.57764
0.5458,0.87389
0.12611,0.5458
0.87483,0.45628
0.85831,0.45357
0.45424,0.12611
0.27102,0.60829
0.89959,0.81844
0.81844,0.10041
0.18156,0.89959
0.10041,0.18156
0.96307,0.63176
0.63176,0.036928
0.36824,0.96307
0.036928,0.36824
0.6007,0.87237
0.12763,0.6007
0.87788,0.38208
0.3993,0.12763
0.98576,0.03427
0.96573,0.01424
0.03427,0.01424
0.01424,0.03427
0.98576,0.96573
0.96573,0.98576
0.03427,0.98576
0.01424,0.96573
0.8063,0.50232
0.75615,0.38916
0.55567,0.46609
0.54958,0.53992
0.77109,0.85916
0.14084,0.77109
0.85916,0.22891
0.22891,0.14084
0.48933,0.87396
0.12604,0.48933
0.87396,0.51067
0.51067,0.12604
0.68509,0.43189
0.64225,0.8307
0.16935,0.64272
0.18024,0.65385
0.83066,0.35729
0.81976,0.34615
0.35728,0.16935
0.34615,0.18024
0.3639,0.63705
0.77191,0.54132
0.81839,0.89998
0.10002,0.81839
0.90005,0.18147
0.18145,0.099977
0.84418,0.95111
0.048888,0.84418
0.95111,0.15582
0.15582,0.048888
0.3099,0.67181
0.3282,0.3099
0.73839,0.67183
0.84137,0.92283
0.077168,0.84137
0.92285,0.15864
0.15863,0.077168
0.435,0.45814
0.81502,0.88681
0.11319,0.81502
0.88701,0.18512
0.18512,0.11299
0.38501,0.42864
0.52139,0.44429
0.30268,0.69617
0.68841,0.31579
0.30383,0.30268
0.37803,0.56764
0.21165,0.58933
0.39927,0.20693
0.66979,0.96197
0.038035,0.66979
0.96197,0.33021
0.33021,0.038035
0.90215,0.11301
0.88699,0.90215
0.11301,0.097846
0.097846,0.88699
0.44627,0.47149
0.40174,0.79343
0.20657,0.40174
0.59826,0.20657
0.37295,0.36804
0.61141,0.8467
0.1533,0.61141
0.8467,0.38859
0.38859,0.1533
0.40663,0.45226
0.61126,0.90512
0.094879,0.61126
0.90512,0.38874
0.38874,0.094879
0.79195,0.96417
0.035829,0.79195
0.96417,0.20805
0.20805,0.035829
0.96426,0.79163
0.79163,0.035742
0.20837,0.96426
0.035742,0.20837
0.78849,0.65637
0.63177,0.76489
0.68554,0.78282
0.68151,0.72399
0.69334,0.71377
0.73292,0.4808
0.81816,0.5297
0.87825,0.73257
0.73257,0.12175
0.26743,0.87825
0.12175,0.26743
0.55703,0.95799
0.042012,0.55703
0.95799,0.44297
0.44297,0.042012
0.44652,0.31569
0.26833,0.73842
0.73167,0.26158
0.26158,0.26833
0.53101,0.8084
0.1916,0.53101
0.46899,0.1916
0.70117,0.52875
0.71086,0.91392
0.086079,0.71086
0.91392,0.28914
0.28914,0.086079
0.81811,0.60514
0.6973,0.30451
0.24232,0.60953
0.39047,0.24197
0.49036,0.6714
0.21691,0.68579
0.78309,0.31421
0.31421,0.21691
0.70071,0.96312
0.036882,0.70071
0.96312,0.29929
0.29929,0.036882
0.69162,0.93342
0.066581,0.69162
0.93342,0.30838
0.30838,0.066581
0.4885,0.28319
0.43598,0.73723
0.26277,0.43598
0.56324,0.26155
0.51533,0.34549
0.19087,0.98903
0.010969,0.19087
0.98903,0.80913
0.80913,0.010969
0.80952,0.98873
0.011272,0.80952
0.19048,0.011272
0.98873,0.19048
0.8848,0.70238
0.70238,0.1152
0.29762,0.8848
0.1152,0.29762
0.83421,0.60081
0.20608,0.60084
0.80258,0.94306
0.056938,0.80258
0.80735,0.92718
0.072817,0.80735
0.94306,0.19742
0.92718,0.19265
0.19742,0.056938
0.19265,0.072817
0.50715,0.68707
0.31301,0.50702
0.53583,0.27581
0.47135,0.64926
0.75503,0.59827
0.86249,0.63381
0.54642,0.32531
0.74606,0.54728
0.96909,0.1077
0.1077,0.030914
0.8923,0.96909
0.03091,0.8923
0.8909,0.032526
0.96777,0.89091
0.032526,0.1091
0.1091,0.96747
0.38896,0.70671
0.6109,0.29344
0.29251,0.38719
0.38413,0.73195
0.61587,0.26805
0.26808,0.38402
0.53419,0.37089
0.64139,0.66825
0.62474,0.85135
0.14868,0.62478
0.85129,0.37516
0.37522,0.14868
0.57971,0.3091
0.69095,0.32825
0.57147,0.62324
0.36587,0.44631
0.39642,0.83512
0.16488,0.39642
0.60358,0.16488
0.65965,0.64754
0.76484,0.83107
0.16893,0.76484
0.83107,0.23516
0.23516,0.16893
0.39038,0.45536
0.21779,0.70312
0.78221,0.29688
0.29688,0.21779
0.95561,0.066454
0.066454,0.04439
0.84304,0.61566
0.74002,0.5739
0.5867,0.61066
0.59629,0.57682
0.41978,0.81884
0.58022,0.18116
0.18116,0.41978
0.47383,0.61692
0.63122,0.65371
0.4853,0.50174
0.3959,0.5627
0.83882,0.87218
0.12782,0.83882
0.87219,0.16119
0.16118,0.12782
0.29,0.98909
0.010905,0.29
0.98909,0.71
0.71,0.010905
0.8236,0.78015
0.21985,0.8236
0.78015,0.1764
0.1764,0.21985
0.55436,0.63396
0.6538,0.95915
0.040851,0.6538
0.95915,0.3462
0.3462,0.040851
0.64517,0.69742
0.52534,0.64502
0.88337,0.68289
0.68312,0.11643
0.31688,0.88357
0.11643,0.31688
0.50469,0.82599
0.17401,0.50469
0.49531,0.17401
0.63077,0.94382
0.056175,0.63077
0.94382,0.36923
0.36923,0.056175
0.57828,0.9203
0.0797,0.57828
0.9203,0.42172
0.42172,0.0797
0.47091,0.47731
0.47656,0.37892
0.69196,0.74059
0.33034,0.48973
0.77261,0.88803
0.11197,0.77261
0.88803,0.22739
0.22739,0.11197
0.70404,0.88305
0.11695,0.70404
0.88305,0.29596
0.29596,0.11695
0.36103,0.52392
0.58143,0.44865
0.50687,0.79331
0.20669,0.50687
0.49313,0.20669
0.85559,0.79894
0.20106,0.85559
0.79894,0.14441
0.14441,0.20106
0.48627,0.33646
0.39691,0.90053
0.09947,0.39691
0.90053,0.60309
0.60309,0.09947
0.50733,0.51184
0.27992,0.71278
0.72009,0.28722
0.28722,0.27992
0.46127,0.55021
0.5179,0.57194
0.562,0.34811
0.87432,0.93447
0.065535,0.87432
0.93447,0.12568
0.12568,0.065535
0.65656,0.4263
0.26104,0.71154
0.73896,0.28846
0.28846,0.26104
0.94332,0.79953
0.79953,0.056676
0.20047,0.94332
0.056676,0.20047
0.67905,0.76797
0.34604,0.37401
0.36516,0.39315
0.87539,0.04183
0.95704,0.87414
0.04183,0.12461
0.12461,0.95817
0.44422,0.55402
0.46953,0.82299
0.17701,0.46953
0.53047,0.17701
0.33252,0.42676
0.79728,0.77823
0.22175,0.79729
0.77825,0.20271
0.20271,0.22175
0.57253,0.33389
0.58787,0.33737
0.75415,0.64649
0.85747,0.81707
0.18293,0.85747
0.81709,0.14252
0.14252,0.18291
0.78014,0.93627
0.063727,0.78014
0.93627,0.21986
0.21986,0.063727
0.31474,0.68557
0.31444,0.31475
0.9368,0.77946
0.77946,0.063203
0.22054,0.9368
0.063203,0.22054
0.29524,0.40243
0.88183,0.86593
0.86593,0.11817
0.13407,0.88183
0.11817,0.13407
0.82577,0.92592
0.074078,0.82577
0.92594,0.17425
0.17423,0.074078
0.70897,0.73929
0.89318,0.38168
0.70878,0.50228
0.70279,0.7818
0.86565,0.91916
0.080838,0.86565
0.91916,0.13435
0.13435,0.080838
0.72933,0.4583
0.83112,0.43172
0.80092,0.85812
0.14188,0.80092
0.85812,0.19908
0.19908,0.14188
0.56282,0.38232
0.49513,0.27202
0.75099,0.49956
0.31676,0.54667
0.89007,0.77067
0.77067,0.10993
0.22933,0.89007
0.10993,0.22933
0.71693,0.75645
0.50113,0.33512
0.84899,0.65962
0.4878,0.57536
0.72405,0.50734
0.47923,0.35227
0.23164,0.68012
0.76869,0.32059
0.31988,0.23164
0.56408,0.74209
0.25827,0.56641
0.43596,0.25783
0.40797,0.68963
0.60054,0.79513
0.55795,0.29851
0.58586,0.78961
0.62589,0.50249
0.57353,0.83028
0.16972,0.57353
0.42642,0.16967
0.78197,0.43587
0.56772,0.93586
0.064144,0.56772
0.93586,0.43228
0.43228,0.064144
0.28809,0.75772
0.71191,0.24228
0.24228,0.28809
0.59227,0.92371
0.07629,0.59227
0.92371,0.40773
0.40773,0.07629
0.31714,0.84407
0.68286,0.15593
0.15593,0.31714
0.61984,0.64475
0.58744,0.94526
0.054741,0.58744
0.94526,0.41256
0.41256,0.054741
0.56164,0.49921
0.48703,0.77298
0.22702,0.48703
0.5132,0.22719
0.24062,0.69279
0.75938,0.30721
0.30721,0.24062
0.85416,0.43872
0.18725,0.6854
0.81275,0.3146
0.3146,0.18725
0.79219,0.42001
0.80612,0.42256
0.70909,0.6922
0.4236,0.19491
0.61817,0.89344
0.10656,0.61817
0.38183,0.10656
0.70854,0.72138
0.78892,0.60957
0.71792,0.53789
0.59364,0.31222
0.65527,0.78401
0.43077,0.33412
0.51274,0.4672
0.45531,0.34054
0.86748,0.78872
0.21128,0.86748
0.78872,0.13252
0.13252,0.21128
0.67806,0.37267
0.39915,0.028737
0.97126,0.39915
0.028737,0.60085
0.60085,0.97126
0.55274,0.70264
0.39476,0.63
0.41041,0.21338
0.44,0.59177
0.24428,0.71763
0.75572,0.28237
0.28237,0.24428
0.86727,0.10149
0.89851,0.86727
0.10149,0.13273
0.13273,0.89851
0.44922,0.44411
0.22064,0.65389
0.77936,0.34611
0.34611,0.22064
0.38863,0.98783
0.012166,0.38863
0.98783,0.61137
0.61137,0.012166
0.40496,0.53721
0.50073,0.75145
0.24855,0.50073
0.49917,0.24857
0.30927,0.60801
0.97015,0.91948
0.71059,0.98845
0.011551,0.71059
0.98845,0.28941
0.28941,0.011551
0.39458,0.5465
0.33461,0.55382
0.70134,0.81004
0.18781,0.70184
0.81219,0.29816
0.29816,0.18781
0.46549,0.29886
0.98993,0.010072
0.010072,0.010072
0.98993,0.98993
0.010036,0.98996
